{
    "precision": {
        "mean_fit_time": 0.11948013305664062,
        "std_fit_time": 0.005937433493821206,
        "mean_score_time": 0.007601451873779297,
        "std_score_time": 0.0007998740212125713,
        "param_model__bootstrap": true,
        "param_model__bootstrap_features": false,
        "param_model__n_estimators": 20,
        "params": {
            "model__bootstrap": true,
            "model__bootstrap_features": false,
            "model__n_estimators": 20
        },
        "split0_test_precision": 0.9074074074074074,
        "split1_test_precision": 0.8225806451612904,
        "split2_test_precision": 0.89375,
        "split3_test_precision": 0.8816568047337278,
        "split4_test_precision": 0.8904109589041096,
        "mean_test_precision": 0.8791611632413071,
        "std_test_precision": 0.029478214405147914,
        "rank_test_precision": 1,
        "split0_test_recall": 0.9363057324840764,
        "split1_test_recall": 0.9745222929936306,
        "split2_test_recall": 0.910828025477707,
        "split3_test_recall": 0.9490445859872612,
        "split4_test_recall": 0.8280254777070064,
        "mean_test_recall": 0.9197452229299363,
        "std_test_recall": 0.05024989279825737,
        "rank_test_recall": 81,
        "split0_test_f1": 0.9216300940438872,
        "split1_test_f1": 0.8921282798833818,
        "split2_test_f1": 0.9022082018927445,
        "split3_test_f1": 0.9141104294478528,
        "split4_test_f1": 0.858085808580858,
        "mean_test_f1": 0.8976325627697449,
        "std_test_f1": 0.02219270586417173,
        "rank_test_f1": 52,
        "split0_test_accuracy": 0.8798076923076923,
        "split1_test_accuracy": 0.8221153846153846,
        "split2_test_accuracy": 0.8509615384615384,
        "split3_test_accuracy": 0.8653846153846154,
        "split4_test_accuracy": 0.7922705314009661,
        "mean_test_accuracy": 0.8421079524340394,
        "std_test_accuracy": 0.03138448888675252,
        "rank_test_accuracy": 30
    },
    "recall": {
        "mean_fit_time": 0.5382304668426514,
        "std_fit_time": 0.01402662280235471,
        "mean_score_time": 0.016212606430053712,
        "std_score_time": 0.0020396655772109014,
        "param_model__bootstrap": true,
        "param_model__bootstrap_features": true,
        "param_model__n_estimators": 90,
        "params": {
            "model__bootstrap": true,
            "model__bootstrap_features": true,
            "model__n_estimators": 90
        },
        "split0_test_precision": 0.8478260869565217,
        "split1_test_precision": 0.8306878306878307,
        "split2_test_precision": 0.827027027027027,
        "split3_test_precision": 0.8406593406593407,
        "split4_test_precision": 0.8620689655172413,
        "mean_test_precision": 0.8416538501695923,
        "std_test_precision": 0.012570282648341516,
        "rank_test_precision": 92,
        "split0_test_recall": 0.9936305732484076,
        "split1_test_recall": 1.0,
        "split2_test_recall": 0.9745222929936306,
        "split3_test_recall": 0.9745222929936306,
        "split4_test_recall": 0.9554140127388535,
        "mean_test_recall": 0.9796178343949045,
        "std_test_recall": 0.01580850145986096,
        "rank_test_recall": 1,
        "split0_test_f1": 0.9149560117302052,
        "split1_test_f1": 0.9075144508670521,
        "split2_test_f1": 0.8947368421052632,
        "split3_test_f1": 0.9026548672566371,
        "split4_test_f1": 0.9063444108761329,
        "mean_test_f1": 0.9052413165670583,
        "std_test_f1": 0.006599893369854941,
        "rank_test_f1": 18,
        "split0_test_accuracy": 0.8605769230769231,
        "split1_test_accuracy": 0.8461538461538461,
        "split2_test_accuracy": 0.8269230769230769,
        "split3_test_accuracy": 0.8413461538461539,
        "split4_test_accuracy": 0.8502415458937198,
        "mean_test_accuracy": 0.8450483091787439,
        "std_test_accuracy": 0.011059473473979804,
        "rank_test_accuracy": 26
    },
    "f1": {
        "mean_fit_time": 0.39111995697021484,
        "std_fit_time": 0.012475036925889277,
        "mean_score_time": 0.013628911972045899,
        "std_score_time": 0.0023890575102953416,
        "param_model__bootstrap": true,
        "param_model__bootstrap_features": false,
        "param_model__n_estimators": 65,
        "params": {
            "model__bootstrap": true,
            "model__bootstrap_features": false,
            "model__n_estimators": 65
        },
        "split0_test_precision": 0.9011627906976745,
        "split1_test_precision": 0.824468085106383,
        "split2_test_precision": 0.8705882352941177,
        "split3_test_precision": 0.8636363636363636,
        "split4_test_precision": 0.8867924528301887,
        "mean_test_precision": 0.8693295855129456,
        "std_test_precision": 0.025941687996768197,
        "rank_test_precision": 9,
        "split0_test_recall": 0.9872611464968153,
        "split1_test_recall": 0.9872611464968153,
        "split2_test_recall": 0.9426751592356688,
        "split3_test_recall": 0.9681528662420382,
        "split4_test_recall": 0.8980891719745223,
        "mean_test_recall": 0.9566878980891719,
        "std_test_recall": 0.0335590824772471,
        "rank_test_recall": 28,
        "split0_test_f1": 0.9422492401215806,
        "split1_test_f1": 0.8985507246376813,
        "split2_test_f1": 0.9051987767584098,
        "split3_test_f1": 0.912912912912913,
        "split4_test_f1": 0.8924050632911392,
        "mean_test_f1": 0.9102633435443448,
        "std_test_f1": 0.017388911694941934,
        "rank_test_f1": 1,
        "split0_test_accuracy": 0.9086538461538461,
        "split1_test_accuracy": 0.8317307692307693,
        "split2_test_accuracy": 0.8509615384615384,
        "split3_test_accuracy": 0.8605769230769231,
        "split4_test_accuracy": 0.8357487922705314,
        "mean_test_accuracy": 0.8575343738387217,
        "std_test_accuracy": 0.02759020585485734,
        "rank_test_accuracy": 2
    },
    "accuracy": {
        "mean_fit_time": 0.19004878997802735,
        "std_fit_time": 0.007784789250045122,
        "mean_score_time": 0.008295202255249023,
        "std_score_time": 0.0011730151118223048,
        "param_model__bootstrap": true,
        "param_model__bootstrap_features": false,
        "param_model__n_estimators": 30,
        "params": {
            "model__bootstrap": true,
            "model__bootstrap_features": false,
            "model__n_estimators": 30
        },
        "split0_test_precision": 0.8862275449101796,
        "split1_test_precision": 0.8469945355191257,
        "split2_test_precision": 0.8816568047337278,
        "split3_test_precision": 0.8620689655172413,
        "split4_test_precision": 0.8987341772151899,
        "mean_test_precision": 0.875136405579093,
        "std_test_precision": 0.01835814066417885,
        "rank_test_precision": 3,
        "split0_test_recall": 0.9426751592356688,
        "split1_test_recall": 0.9872611464968153,
        "split2_test_recall": 0.9490445859872612,
        "split3_test_recall": 0.9554140127388535,
        "split4_test_recall": 0.9044585987261147,
        "mean_test_recall": 0.9477707006369428,
        "std_test_recall": 0.026538428861146057,
        "rank_test_recall": 60,
        "split0_test_f1": 0.9135802469135802,
        "split1_test_f1": 0.9117647058823529,
        "split2_test_f1": 0.9141104294478528,
        "split3_test_f1": 0.9063444108761329,
        "split4_test_f1": 0.9015873015873016,
        "mean_test_f1": 0.9094774189414441,
        "std_test_f1": 0.004808312732569157,
        "rank_test_f1": 4,
        "split0_test_accuracy": 0.8653846153846154,
        "split1_test_accuracy": 0.8557692307692307,
        "split2_test_accuracy": 0.8653846153846154,
        "split3_test_accuracy": 0.8509615384615384,
        "split4_test_accuracy": 0.8502415458937198,
        "mean_test_accuracy": 0.857548309178744,
        "std_test_accuracy": 0.006674651272927572,