{
    "precision": {
        "mean_fit_time": 0.006432247161865234,
        "std_fit_time": 0.0005232202791077497,
        "mean_score_time": 0.002398252487182617,
        "std_score_time": 0.00048803275647221116,
        "param_model__max_depth": 18,
        "param_model__min_samples_split": 3,
        "params": {
            "model__max_depth": 18,
            "model__min_samples_split": 3
        },
        "split0_test_precision": 0.900709219858156,
        "split1_test_precision": 0.8470588235294118,
        "split2_test_precision": 0.8266666666666667,
        "split3_test_precision": 0.8553459119496856,
        "split4_test_precision": 0.8802816901408451,
        "mean_test_precision": 0.8620124624289529,
        "std_test_precision": 0.02587888408113185,
        "rank_test_precision": 1,
        "split0_test_recall": 0.8089171974522293,
        "split1_test_recall": 0.9171974522292994,
        "split2_test_recall": 0.7898089171974523,
        "split3_test_recall": 0.8662420382165605,
        "split4_test_recall": 0.7961783439490446,
        "mean_test_recall": 0.8356687898089172,
        "std_test_recall": 0.04890790782280882,
        "rank_test_recall": 220,
        "split0_test_f1": 0.8523489932885906,
        "split1_test_f1": 0.8807339449541285,
        "split2_test_f1": 0.8078175895765471,
        "split3_test_f1": 0.8607594936708861,
        "split4_test_f1": 0.8361204013377928,
        "mean_test_f1": 0.847556084565589,
        "std_test_f1": 0.02452751614359224,
        "rank_test_f1": 208,
        "split0_test_accuracy": 0.7884615384615384,
        "split1_test_accuracy": 0.8125,
        "split2_test_accuracy": 0.7163461538461539,
        "split3_test_accuracy": 0.7884615384615384,
        "split4_test_accuracy": 0.7632850241545893,
        "mean_test_accuracy": 0.7738108509847639,
        "std_test_accuracy": 0.03267757636759,
        "rank_test_accuracy": 196
    },
    "recall": {
        "mean_fit_time": 0.004794549942016601,
        "std_fit_time": 0.0004000503027577811,
        "mean_score_time": 0.0036008358001708984,
        "std_score_time": 0.0007986441918530255,
        "param_model__max_depth": 3,
        "param_model__min_samples_split": 2,
        "params": {
            "model__max_depth": 3,
            "model__min_samples_split": 2
        },
        "split0_test_precision": 0.8630952380952381,
        "split1_test_precision": 0.8010752688172043,
        "split2_test_precision": 0.8,
        "split3_test_precision": 0.8108108108108109,
        "split4_test_precision": 0.8373493975903614,
        "mean_test_precision": 0.8224661430627229,
        "std_test_precision": 0.024373668101048768,
        "rank_test_precision": 196,
        "split0_test_recall": 0.9235668789808917,
        "split1_test_recall": 0.9490445859872612,
        "split2_test_recall": 0.9426751592356688,
        "split3_test_recall": 0.9554140127388535,
        "split4_test_recall": 0.8853503184713376,
        "mean_test_recall": 0.9312101910828027,
        "std_test_recall": 0.02528590221819007,
        "rank_test_recall": 1,
        "split0_test_f1": 0.8923076923076922,
        "split1_test_f1": 0.8688046647230321,
        "split2_test_f1": 0.8654970760233919,
        "split3_test_f1": 0.8771929824561404,
        "split4_test_f1": 0.8606811145510835,
        "mean_test_f1": 0.8728967060122681,
        "std_test_f1": 0.011099228629728916,
        "rank_test_f1": 21,
        "split0_test_accuracy": 0.8317307692307693,
        "split1_test_accuracy": 0.7836538461538461,
        "split2_test_accuracy": 0.7788461538461539,
        "split3_test_accuracy": 0.7980769230769231,
        "split4_test_accuracy": 0.782608695652174,
        "mean_test_accuracy": 0.7949832775919733,
        "std_test_accuracy": 0.019503034850062963,
        "rank_test_accuracy": 44
    },
    "f1": {
        "mean_fit_time": 0.006327104568481445,
        "std_fit_time": 0.0009976956445415437,
        "mean_score_time": 0.003202486038208008,
        "std_score_time": 0.0003992162989311626,
        "param_model__max_depth": 5,
        "param_model__min_samples_split": 13,
        "params": {
            "model__max_depth": 5,
            "model__min_samples_split": 13
        },
        "split0_test_precision": 0.8947368421052632,
        "split1_test_precision": 0.798941798941799,
        "split2_test_precision": 0.8287292817679558,
        "split3_test_precision": 0.8342541436464088,
        "split4_test_precision": 0.8303030303030303,
        "mean_test_precision": 0.8373930193528913,
        "std_test_precision": 0.031311311672705004,
        "rank_test_precision": 189,
        "split0_test_recall": 0.8662420382165605,
        "split1_test_recall": 0.9617834394904459,
        "split2_test_recall": 0.9554140127388535,
        "split3_test_recall": 0.9617834394904459,
        "split4_test_recall": 0.8726114649681529,
        "mean_test_recall": 0.9235668789808917,
        "std_test_recall": 0.04431217103420658,
        "rank_test_recall": 27,
        "split0_test_f1": 0.8802588996763755,
        "split1_test_f1": 0.8728323699421965,
        "split2_test_f1": 0.8875739644970413,
        "split3_test_f1": 0.893491124260355,
        "split4_test_f1": 0.8509316770186335,
        "mean_test_f1": 0.8770176070789203,
        "std_test_f1": 0.014773702210138453,
        "rank_test_f1": 1,
        "split0_test_accuracy": 0.8221153846153846,
        "split1_test_accuracy": 0.7884615384615384,
        "split2_test_accuracy": 0.8173076923076923,
        "split3_test_accuracy": 0.8269230769230769,
        "split4_test_accuracy": 0.7681159420289855,
        "mean_test_accuracy": 0.8045847268673354,
        "std_test_accuracy": 0.022619147489873637,
        "rank_test_accuracy": 8
    },
    "accuracy": {
        "mean_fit_time": 0.006525087356567383,
        "std_fit_time": 0.001001941935280143,
        "mean_score_time": 0.0031995296478271483,
        "std_score_time": 0.0011674975709697565,
        "param_model__max_depth": 7,
        "param_model__min_samples_split": 9,
        "params": {
            "model__max_depth": 7,
            "model__min_samples_split": 9
        },
        "split0_test_precision": 0.8947368421052632,
        "split1_test_precision": 0.8268156424581006,
        "split2_test_precision": 0.8653846153846154,
        "split3_test_precision": 0.8588235294117647,
        "split4_test_precision": 0.8518518518518519,
        "mean_test_precision": 0.8595224962423191,
        "std_test_precision": 0.021924781503362786,
        "rank_test_precision": 17,
        "split0_test_recall": 0.8662420382165605,
        "split1_test_recall": 0.9426751592356688,
        "split2_test_recall": 0.8598726114649682,
        "split3_test_recall": 0.9299363057324841,
        "split4_test_recall": 0.8789808917197452,
        "mean_test_recall": 0.8955414012738855,
        "std_test_recall": 0.03408684881594815,
        "rank_test_recall": 44,
        "split0_test_f1": 0.8802588996763755,
        "split1_test_f1": 0.8809523809523809,
        "split2_test_f1": 0.8626198083067094,
        "split3_test_f1": 0.8929663608562692,
        "split4_test_f1": 0.8652037617554859,
        "mean_test_f1": 0.8764002423094442,
        "std_test_f1": 0.011183103546925149,
        "rank_test_f1": 8,
        "split0_test_accuracy": 0.8221153846153846,
        "split1_test_accuracy": 0.8076923076923077,
        "split2_test_accuracy": 0.7932692307692307,
        "split3_test_accuracy": 0.8317307692307693,
        "split4_test_accuracy": 0.7922705314009661,
        "mean_test_accuracy": 0.8094156447417316,
        "std_test_accuracy": 0.015600510632954822,
        "rank_test_accuracy": 1
    }
}