{
    "precision": {
        "mean_fit_time": 0.09200987815856934,
        "std_fit_time": 0.0022079299606962742,
        "mean_score_time": 0.007603502273559571,
        "std_score_time": 0.0004902563530670644,
        "param_model__bootstrap": false,
        "param_model__min_samples_split": 2,
        "param_model__n_estimators": 30,
        "params": {
            "model__bootstrap": false,
            "model__min_samples_split": 2,
            "model__n_estimators": 30
        },
        "split0_test_precision": 0.8837209302325582,
        "split1_test_precision": 0.8524590163934426,
        "split2_test_precision": 0.8802395209580839,
        "split3_test_precision": 0.8809523809523809,
        "split4_test_precision": 0.8742138364779874,
        "mean_test_precision": 0.8743171370028906,
        "std_test_precision": 0.011360638438608475,
        "rank_test_precision": 1,
        "split0_test_recall": 0.9681528662420382,
        "split1_test_recall": 0.9936305732484076,
        "split2_test_recall": 0.9363057324840764,
        "split3_test_recall": 0.9426751592356688,
        "split4_test_recall": 0.8853503184713376,
        "mean_test_recall": 0.9452229299363057,
        "std_test_recall": 0.03616578233523156,
        "rank_test_recall": 316,
        "split0_test_f1": 0.9240121580547113,
        "split1_test_f1": 0.9176470588235295,
        "split2_test_f1": 0.9074074074074076,
        "split3_test_f1": 0.9107692307692308,
        "split4_test_f1": 0.879746835443038,
        "mean_test_f1": 0.9079165380995834,
        "std_test_f1": 0.015203165674203586,
        "rank_test_f1": 2,
        "split0_test_accuracy": 0.8798076923076923,
        "split1_test_accuracy": 0.8653846153846154,
        "split2_test_accuracy": 0.8557692307692307,
        "split3_test_accuracy": 0.8605769230769231,
        "split4_test_accuracy": 0.8164251207729468,
        "mean_test_accuracy": 0.8555927164622817,
        "std_test_accuracy": 0.021171775384507627,
        "rank_test_accuracy": 1
    },
    "recall": {
        "mean_fit_time": 0.2053971767425537,
        "std_fit_time": 0.009300469572173868,
        "mean_score_time": 0.015906143188476562,
        "std_score_time": 0.0018530194277120743,
        "param_model__bootstrap": true,
        "param_model__min_samples_split": 14,
        "param_model__n_estimators": 80,
        "params": {
            "model__bootstrap": true,
            "model__min_samples_split": 14,
            "model__n_estimators": 80
        },
        "split0_test_precision": 0.8478260869565217,
        "split1_test_precision": 0.8092783505154639,
        "split2_test_precision": 0.8191489361702128,
        "split3_test_precision": 0.8306010928961749,
        "split4_test_precision": 0.8728323699421965,
        "mean_test_precision": 0.8359373672961139,
        "std_test_precision": 0.022466033451723315,
        "rank_test_precision": 307,
        "split0_test_recall": 0.9936305732484076,
        "split1_test_recall": 1.0,
        "split2_test_recall": 0.9808917197452229,
        "split3_test_recall": 0.9681528662420382,
        "split4_test_recall": 0.9617834394904459,
        "mean_test_recall": 0.9808917197452228,
        "std_test_recall": 0.014524527708269272,
        "rank_test_recall": 1,
        "split0_test_f1": 0.9149560117302052,
        "split1_test_f1": 0.8945868945868946,
        "split2_test_f1": 0.8927536231884058,
        "split3_test_f1": 0.8941176470588236,
        "split4_test_f1": 0.9151515151515152,
        "mean_test_f1": 0.902313138343169,
        "std_test_f1": 0.01042028230443887,
        "rank_test_f1": 55,
        "split0_test_accuracy": 0.8605769230769231,
        "split1_test_accuracy": 0.8221153846153846,
        "split2_test_accuracy": 0.8221153846153846,
        "split3_test_accuracy": 0.8269230769230769,
        "split4_test_accuracy": 0.8647342995169082,
        "mean_test_accuracy": 0.8392930137495356,
        "std_test_accuracy": 0.019201151216450617,
        "rank_test_accuracy": 115
    },
    "f1": {
        "mean_fit_time": 0.22313475608825684,
        "std_fit_time": 0.0067873900815444334,
        "mean_score_time": 0.014661264419555665,
        "std_score_time": 0.00095346848412374,
        "param_model__bootstrap": true,
        "param_model__min_samples_split": 6,
        "param_model__n_estimators": 140,
        "params": {
            "model__bootstrap": true,
            "model__min_samples_split": 6,
            "model__n_estimators": 140
        },
        "split0_test_precision": 0.8571428571428571,
        "split1_test_precision": 0.8351063829787234,
        "split2_test_precision": 0.8406593406593407,
        "split3_test_precision": 0.8465909090909091,
        "split4_test_precision": 0.8771929824561403,
        "mean_test_precision": 0.8513384944655942,
        "std_test_precision": 0.014847292760447887,
        "rank_test_precision": 129,
        "split0_test_recall": 0.9936305732484076,
        "split1_test_recall": 1.0,
        "split2_test_recall": 0.9745222929936306,
        "split3_test_recall": 0.9490445859872612,
        "split4_test_recall": 0.9554140127388535,
        "mean_test_recall": 0.9745222929936306,
        "std_test_recall": 0.020141895924639355,
        "rank_test_recall": 15,
        "split0_test_f1": 0.9203539823008849,
        "split1_test_f1": 0.9101449275362319,
        "split2_test_f1": 0.9026548672566371,
        "split3_test_f1": 0.8948948948948948,
        "split4_test_f1": 0.9146341463414634,
        "mean_test_f1": 0.9085365636660224,
        "std_test_f1": 0.008945481669846109,
        "rank_test_f1": 1,
        "split0_test_accuracy": 0.8701923076923077,
        "split1_test_accuracy": 0.8509615384615384,
        "split2_test_accuracy": 0.8413461538461539,
        "split3_test_accuracy": 0.8317307692307693,
        "split4_test_accuracy": 0.8647342995169082,
        "mean_test_accuracy": 0.8517930137495355,
        "std_test_accuracy": 0.014271179229703024,
        "rank_test_accuracy": 3
    },
    "accuracy": {
        "mean_fit_time": 0.09200987815856934,
        "std_fit_time": 0.0022079299606962742,
        "mean_score_time": 0.007603502273559571,
        "std_score_time": 0.0004902563530670644,
        "param_model__bootstrap": false,
        "param_model__min_samples_split": 2,
        "param_model__n_estimators": 30,
        "params": {
            "model__bootstrap": false,
            "model__min_samples_split": 2,
            "model__n_estimators": 30
        },
        "split0_test_precision": 0.8837209302325582,
        "split1_test_precision": 0.8524590163934426,
        "split2_test_precision": 0.8802395209580839,
        "split3_test_precision": 0.8809523809523809,
        "split4_test_precision": 0.8742138364779874,
        "mean_test_precision": 0.8743171370028906,
        "std_test_precision": 0.011360638438608475,
        "rank_test_precision": 1,
        "split0_test_recall": 0.9681528662420382,
        "split1_test_recall": 0.9936305732484076,
        "split2_test_recall": 0.9363057324840764,
        "split3_test_recall": 0.9426751592356688,
        "split4_test_recall": 0.8853503184713376,
        "mean_test_recall": 0.9452229299363057,
        "std_test_recall": 0.03616578233523156,
        "rank_test_recall": 316,
        "split0_test_f1": 0.9240121580547113,
        "split1_test_f1": 0.9176470588235295,
        "split2_test_f1": 0.9074074074074076,
        "split3_test_f1": 0.9107692307692308,
        "split4_test_f1": 0.879746835443038,
        "mean_test_f1": 0.9079165380995834,
        "std_test_f1": 0.015203165674203586,
        "rank_test_f1": 2,
        "split0_test_accuracy": 0.8798076923076923,
        "split1_test_accuracy": 0.8653846153846154,
        "split2_test_accuracy": 0.8557692307692307,
        "split3_test_accuracy": 0.8605769230769231,
        "split4_test_accuracy": 0.8164251207729468,
        "mean_test_accuracy": 0.8555927164622817,
        "std_test_accuracy": 0.021171775384507627,